{"cameraMode":{"drawMode":0,"name":"Shaded","section":"Shading Mode"},"sceneLighting":false,"audioPlay":false,"sceneViewState":{"m_AlwaysRefresh":false,"showFog":true,"showSkybox":false,"showFlares":true,"showImageEffects":true,"showParticleSystems":true,"showVisualEffectGraphs":true,"m_FxEnabled":true},"in2DMode":false,"pivot":{"x":1.4829256534576417,"y":0.01934760808944702,"z":-3.0134353637695314},"rotation":{"x":0.0672883540391922,"y":0.06878834962844849,"z":-0.004650300368666649,"w":0.9953499436378479},"size":3.851194143295288,"orthographic":false}